antecedent,consequent,confidence,lift
ROUND SNACK BOXES SET OF 4 FRUITS,PLASTERS IN TIN STRONGMAN,0.2609,5.218
DINOSAUR LUNCH BOX WITH CUTLERY,STRAWBERRY LUNCH BOX WITH CUTLERY,0.75,18.75
PINK 3 PIECE POLKADOT CUTLERY SET,ROUND SNACK BOXES SET OF4 WOODLAND,0.375,2.6169
PLASTERS IN TIN CIRCUS PARADE,PLASTERS IN TIN SPACEBOY,0.6842,8.9205
SPACEBOY BABY GIFT SET,DOLLY GIRL BABY GIFT SET,0.8889,20.5289
PACK OF 20 SKULL PAPER NAPKINS,PACK OF 6 SKULL PAPER CUPS,0.8571,36.7854
WOODLAND CHARLOTTE BAG,ROUND SNACK BOXES SET OF4 WOODLAND,0.4375,3.053
RED RETROSPOT CAKE STAND,REGENCY CAKESTAND 3 TIER,0.4667,3.3336
JUMBO BAG RED RETROSPOT,ROUND SNACK BOXES SET OF4 WOODLAND,0.4118,2.8737
SPACEBOY LUNCH BOX,POSTAGE,0.5455,1.3751
BLUE HAPPY BIRTHDAY BUNTING,PINK HAPPY BIRTHDAY BUNTING,0.8333,20.8325
SET OF 4 KNICK KNACK TINS DOILEY,TREASURE TIN GYMKHANA DESIGN,0.4615,15.3833
PINK 3 PIECE POLKADOT CUTLERY SET,BLUE 3 PIECE POLKADOT CUTLERY SET,0.375,11.2613
SET OF 12 FAIRY CAKE BAKING CASES,SET OF 6 TEA TIME BAKING CASES,0.5833,21.8464
ALARM CLOCK BAKELIKE GREEN,ALARM CLOCK BAKELIKE CHOCOLATE,0.5294,13.235
LUNCH BAG RED RETROSPOT,POSTAGE,0.4,1.0083
TREASURE TIN GYMKHANA DESIGN,SET OF TEA COFFEE SUGAR TINS PANTRY,0.6667,15.3972
MINI JIGSAW SPACEBOY,MINI JIGSAW CIRCUS PARADE,0.5714,19.0467
ALARM CLOCK BAKELIKE GREEN,"ALARM CLOCK BAKELIKE RED, ALARM CLOCK BAKELIKE CHOCOLATE",0.5294,14.4251
"DOLLY GIRL LUNCH BOX, PLASTERS IN TIN CIRCUS PARADE",POSTAGE,0.6667,1.6806
LUNCH BAG RED RETROSPOT,"ROUND SNACK BOXES SET OF 4 FRUITS, ROUND SNACK BOXES SET OF4 WOODLAND",0.3,5.0
"CIRCUS PARADE LUNCH BOX, PLASTERS IN TIN CIRCUS PARADE",DOLLY GIRL LUNCH BOX,0.8571,7.1425
RED RETROSPOT MINI CASES,ASSORTED COLOUR MINI CASES,0.375,16.0944
ROUND SNACK BOXES SET OF 4 FRUITS,PLASTERS IN TIN STRONGMAN,0.2609,5.218
CIRCUS PARADE LUNCH BOX,POSTAGE,0.45,1.1344
SPACEBOY LUNCH BOX,PLASTERS IN TIN SPACEBOY,0.2727,3.5554
PACK OF 60 DINOSAUR CAKE CASES,POSTAGE,0.6364,1.6042
PLASTERS IN TIN CIRCUS PARADE,POSTAGE,0.4737,1.1941
REGENCY CAKESTAND 3 TIER,POSTAGE,0.3095,0.7802
PLASTERS IN TIN CIRCUS PARADE,PLASTERS IN TIN STRONGMAN,0.5263,10.526
PLASTERS IN TIN CIRCUS PARADE,SPACEBOY LUNCH BOX,0.4211,3.8282
CHARLOTTE BAG PINK POLKADOT,ROUND SNACK BOXES SET OF4 WOODLAND,0.75,5.2338
RED RETROSPOT CHARLOTTE BAG,ROUND SNACK BOXES SET OF4 WOODLAND,0.6,4.187
RED RETROSPOT MINI CASES,BAKING SET 9 PIECE RETROSPOT,0.4375,6.5592
LUNCH BAG DOLLY GIRL DESIGN,DOLLY GIRL LUNCH BOX,0.7,5.8333
PLASTERS IN TIN CIRCUS PARADE,PLASTERS IN TIN SPACEBOY,0.6842,8.9205
PACK OF 72 RETROSPOT CAKE CASES,POSTAGE,0.4737,1.1941
LUNCH BAG PINK POLKADOT,ROUND SNACK BOXES SET OF4 WOODLAND,0.6667,4.6525
DOLLY GIRL LUNCH BOX,SPACEBOY LUNCH BOX,0.7222,6.5655
JUMBO BAG RED RETROSPOT,POSTAGE,0.4118,1.0381
PARTY BUNTING,PINK HAPPY BIRTHDAY BUNTING,0.4375,10.9375
SET/20 RED RETROSPOT PAPER NAPKINS,PACK OF 72 RETROSPOT CAKE CASES,0.4118,6.5055
RED RETROSPOT CHARLOTTE BAG,POSTAGE,0.6,1.5125
SET OF 10 LED DOLLY LIGHTS,POSTAGE,0.4667,1.1765
JUMBO BAG RED RETROSPOT,RED RETROSPOT CHARLOTTE BAG,0.3529,10.5976
CHARLOTTE BAG PINK POLKADOT,POSTAGE,0.875,2.2057
RABBIT NIGHT LIGHT,POSTAGE,0.5,1.2604
SET/20 RED RETROSPOT PAPER NAPKINS,SET/6 RED SPOTTY PAPER CUPS,0.5882,14.705
SET OF 3 REGENCY CAKE TINS,POSTAGE,0.381,0.9604
SET OF 3 CAKE TINS PANTRY DESIGN,SET OF 3 REGENCY CAKE TINS,0.28,4.0
SPACEBOY BABY GIFT SET,DOLLY GIRL BABY GIFT SET,0.8889,20.5289
ROUND SNACK BOXES SET OF 4 FRUITS,SPACEBOY LUNCH BOX,0.3478,3.1618
LUNCH BAG SPACEBOY DESIGN,LUNCH BAG RED RETROSPOT,0.5714,8.5667
PLASTERS IN TIN CIRCUS PARADE,ROUND SNACK BOXES SET OF4 WOODLAND,0.4737,3.3057
ROUND SNACK BOXES SET OF 4 FRUITS,DOLLY GIRL LUNCH BOX,0.3478,2.8983
DOLLY GIRL LUNCH BOX,PLASTERS IN TIN SPACEBOY,0.2778,3.6219
RED RETROSPOT MINI CASES,ROUND SNACK BOXES SET OF4 WOODLAND,0.4375,3.053
ROUND SNACK BOXES SET OF 4 FRUITS,ROUND SNACK BOXES SET OF4 WOODLAND,0.7826,5.4613
WOODLAND CHARLOTTE BAG,POSTAGE,0.5,1.2604
LUNCH BAG DOLLY GIRL DESIGN,LUNCH BAG SPACEBOY DESIGN,0.7,14.9893
SET/20 RED RETROSPOT PAPER NAPKINS,POSTAGE,0.4118,1.0381
SET OF 6 TEA TIME BAKING CASES,SET OF 12 MINI LOAF BAKING CASES,0.75,25.0
PACK OF 72 RETROSPOT CAKE CASES,PACK OF 60 MUSHROOM CAKE CASES,0.4211,8.422
MINI JIGSAW DOLLY GIRL,MINI JIGSAW CIRCUS PARADE,0.5455,18.1833
DOLLY GIRL LUNCH BOX,ROUND SNACK BOXES SET OF4 WOODLAND,0.4167,2.9079
ROUND SNACK BOXES SET OF 4 FRUITS,RED RETROSPOT MINI CASES,0.2609,4.8949
CHARLOTTE BAG PINK POLKADOT,WOODLAND CHARLOTTE BAG,0.75,14.0713
SPACEBOY LUNCH BOX,ROUND SNACK BOXES SET OF4 WOODLAND,0.4242,2.9602
SET OF 3 CAKE TINS PANTRY DESIGN,POSTAGE,0.32,0.8067
ROUND SNACK BOXES SET OF 4 FRUITS,PLASTERS IN TIN SPACEBOY,0.3043,3.9674
IVORY KITCHEN SCALES,POSTAGE,0.8,2.0166
RED TOADSTOOL LED NIGHT LIGHT,POSTAGE,0.4,1.0083
LUNCH BAG WOODLAND,POSTAGE,0.5,1.2604
SET OF 3 CAKE TINS PANTRY DESIGN,SET OF 6 SPICE TINS PANTRY DESIGN,0.28,7.0
CHILDRENS CUTLERY SPACEBOY,CHILDRENS CUTLERY CIRCUS PARADE,0.5238,13.095
PICNIC BOXES SET OF 3 RETROSPOT,ROUND SNACK BOXES SET OF4 WOODLAND,0.6,4.187
SPACEBOY MINI BACKPACK,WOODLAND MINI BACKPACK,0.7778,33.382
WOODLAND CHARLOTTE BAG,ROUND SNACK BOXES SET OF4 WOODLAND,0.4375,3.053
LUNCH BOX I LOVE LONDON,POSTAGE,0.4615,1.1633
ALARM CLOCK BAKELIKE GREEN,ALARM CLOCK BAKELIKE PINK,0.5882,11.764
CHILDRENS CUTLERY SPACEBOY,PINK 3 PIECE POLKADOT CUTLERY SET,0.2857,5.3602
ALARM CLOCK BAKELIKE PINK,ALARM CLOCK BAKELIKE CHOCOLATE,0.4667,11.6675
PLASTERS IN TIN SPACEBOY,POSTAGE,0.5652,1.4248
RED RETROSPOT CAKE STAND,REGENCY CAKESTAND 3 TIER,0.4667,3.3336
PLASTERS IN TIN WOODLAND ANIMALS,POSTAGE,0.4667,1.1765
RED RETROSPOT MINI CASES,POSTAGE,0.6875,1.733
RED RETROSPOT CHARLOTTE BAG,WOODLAND CHARLOTTE BAG,0.6,11.257
ROSES REGENCY TEACUP AND SAUCER,REGENCY TEA PLATE ROSES,0.3158,8.6049
60 CAKE CASES DOLLY GIRL DESIGN,POSTAGE,0.7,1.7646
ALARM CLOCK BAKELIKE RED,ALARM CLOCK BAKELIKE PINK,0.55,11.0
PACK OF 72 RETROSPOT CAKE CASES,PACK OF 60 PINK PAISLEY CAKE CASES,0.3158,9.4835
JUMBO BAG RED RETROSPOT,ROUND SNACK BOXES SET OF4 WOODLAND,0.4118,2.8737
STRAWBERRY LUNCH BOX WITH CUTLERY,ROUND SNACK BOXES SET OF4 WOODLAND,0.6667,4.6525
PLASTERS IN TIN WOODLAND ANIMALS,PLASTERS IN TIN SPACEBOY,0.6,7.8227
MINI LIGHTS WOODLAND MUSHROOMS,POSTAGE,0.75,1.8906
TOADSTOOL MONEY BOX,POSTAGE,0.8571,2.1606
SPACEBOY LUNCH BOX,POSTAGE,0.5455,1.3751
PINK POLKADOT BOWL,BLUE POLKADOT PLATE,0.6,22.4719
60 CAKE CASES DOLLY GIRL DESIGN,PACK OF 60 SPACEBOY CAKE CASES,0.6,10.582
ALARM CLOCK BAKELIKE GREEN,REGENCY CAKESTAND 3 TIER,0.3529,2.5207
BLUE HAPPY BIRTHDAY BUNTING,PINK HAPPY BIRTHDAY BUNTING,0.8333,20.8325
SPACEBOY BIRTHDAY CARD,POSTAGE,0.4667,1.1765
LUNCH BAG WOODLAND,LUNCH BAG RED RETROSPOT,0.5625,8.4333
ROSES REGENCY TEACUP AND SAUCER,GREEN REGENCY TEACUP AND SAUCER,0.4211,11.4741
ALARM CLOCK BAKELIKE ORANGE,ALARM CLOCK BAKELIKE PINK,0.75,15.0
PLASTERS IN TIN WOODLAND ANIMALS,ROUND SNACK BOXES SET OF4 WOODLAND,0.6,4.187
SET/6 RED SPOTTY PAPER PLATES,SET/6 RED SPOTTY PAPER CUPS,0.8333,20.8325
BAKING SET SPACEBOY DESIGN,BAKING SET 9 PIECE RETROSPOT,0.5455,8.1784
ROUND SNACK BOXES SET OF 4 FRUITS,POSTAGE,0.7391,1.8631
RECIPE BOX PANTRY YELLOW DESIGN,POSTAGE,0.4444,1.1202
SET OF 4 KNICK KNACK TINS DOILEY,DOILEY STORAGE TIN,0.6154,14.2125
DOLLY GIRL BEAKER,SPACEBOY BEAKER,0.875,32.7715
ALARM CLOCK BAKELIKE RED,ALARM CLOCK BAKELIKE CHOCOLATE,0.55,13.75
ROUND CONTAINER SET OF 5 RETROSPOT,ROUND SNACK BOXES SET OF4 WOODLAND,0.8571,5.9812
BLUE POLKADOT CUP,RED RETROSPOT BOWL,0.75,16.06
RED RETROSPOT PLATE,BLUE POLKADOT PLATE,0.7778,29.1311
MINI JIGSAW DOLLY GIRL,MINI JIGSAW SPACEBOY,0.7273,15.5739
PLASTERS IN TIN CIRCUS PARADE,MINI JIGSAW SPACEBOY,0.3158,6.7623
BLUE POLKADOT BOWL,RED RETROSPOT BOWL,1.0,21.4133
ROUND SNACK BOXES SET OF 4 FRUITS,PLASTERS IN TIN CIRCUS PARADE,0.2609,4.1216
SET OF 12 FAIRY CAKE BAKING CASES,SET OF 6 TEA TIME BAKING CASES,0.5833,21.8464
ALARM CLOCK BAKELIKE RED,POSTAGE,0.35,0.8823
CHILDRENS CUTLERY DOLLY GIRL,POSTAGE,0.4667,1.1765
ALARM CLOCK BAKELIKE GREEN,ALARM CLOCK BAKELIKE CHOCOLATE,0.5294,13.235
PACK OF 6 SKULL PAPER PLATES,PACK OF 6 SKULL PAPER CUPS,1.0,42.9185
SET/20 RED RETROSPOT PAPER NAPKINS,SET/6 RED SPOTTY PAPER PLATES,0.7059,17.6475
LUNCH BAG RED RETROSPOT,POSTAGE,0.4,1.0083
RABBIT NIGHT LIGHT,RED TOADSTOOL LED NIGHT LIGHT,0.3333,4.997
CHILDRENS CUTLERY SPACEBOY,POSTAGE,0.4286,1.0804
REGENCY SUGAR BOWL GREEN,REGENCY TEAPOT ROSES,0.7,19.0736
TREASURE TIN GYMKHANA DESIGN,SET OF TEA COFFEE SUGAR TINS PANTRY,0.6667,15.3972
SMALL CERAMIC TOP STORAGE JAR,MEDIUM CERAMIC TOP STORAGE JAR,1.0,37.4532
LUNCH BAG CARS BLUE,LUNCH BAG WOODLAND,0.7778,14.5929
BLUE POLKADOT BOWL,PINK POLKADOT BOWL,0.7,21.021
SPACEBOY LUNCH BOX,PLASTERS IN TIN STRONGMAN,0.2424,4.848
DOLLY GIRL LUNCH BOX,POSTAGE,0.5833,1.4704
PINK 3 PIECE POLKADOT CUTLERY SET,POSTAGE,0.5625,1.4179
LUNCH BAG SPACEBOY DESIGN,POSTAGE,0.4286,1.0804
PARTY BUNTING,BLUE HAPPY BIRTHDAY BUNTING,0.375,9.375
PLASTERS IN TIN WOODLAND ANIMALS,"PLASTERS IN TIN CIRCUS PARADE, PLASTERS IN TIN SPACEBOY",0.4,9.2379
"PLASTERS IN TIN WOODLAND ANIMALS, PLASTERS IN TIN CIRCUS PARADE",PLASTERS IN TIN SPACEBOY,0.75,9.7784
SET/20 RED RETROSPOT PAPER NAPKINS,"SET/6 RED SPOTTY PAPER PLATES, SET/6 RED SPOTTY PAPER CUPS",0.5882,17.6637
"SET/20 RED RETROSPOT PAPER NAPKINS, SET/6 RED SPOTTY PAPER PLATES",SET/6 RED SPOTTY PAPER CUPS,0.8333,20.8325
"PLASTERS IN TIN STRONGMAN, POSTAGE",ROUND SNACK BOXES SET OF4 WOODLAND,0.8571,5.9812
ROUND SNACK BOXES SET OF 4 FRUITS,"SPACEBOY LUNCH BOX, POSTAGE",0.2609,4.3483
"ROUND SNACK BOXES SET OF 4 FRUITS, SPACEBOY LUNCH BOX",POSTAGE,0.75,1.8906
CIRCUS PARADE LUNCH BOX,"LUNCH BOX I LOVE LONDON, SPACEBOY LUNCH BOX",0.3,12.8755
"CIRCUS PARADE LUNCH BOX, LUNCH BOX I LOVE LONDON",SPACEBOY LUNCH BOX,0.8571,7.7918
ROUND SNACK BOXES SET OF 4 FRUITS,"PLASTERS IN TIN SPACEBOY, ROUND SNACK BOXES SET OF4 WOODLAND",0.3043,7.6075
"ROUND SNACK BOXES SET OF 4 FRUITS, PLASTERS IN TIN SPACEBOY",ROUND SNACK BOXES SET OF4 WOODLAND,1.0,6.9784
"REGENCY CAKESTAND 3 TIER, ROSES REGENCY TEACUP AND SAUCER",GREEN REGENCY TEACUP AND SAUCER,0.5,13.624
"ROUND SNACK BOXES SET OF 4 FRUITS, ROUND SNACK BOXES SET OF4 WOODLAND",DOLLY GIRL LUNCH BOX,0.3889,3.2408
BLUE POLKADOT BOWL,"PINK POLKADOT BOWL, RED RETROSPOT BOWL",0.7,23.3333
"BLUE POLKADOT BOWL, PINK POLKADOT BOWL",RED RETROSPOT BOWL,1.0,21.4133
ROUND SNACK BOXES SET OF 4 FRUITS,"PLASTERS IN TIN CIRCUS PARADE, ROUND SNACK BOXES SET OF4 WOODLAND",0.2609,8.6967
"ROUND SNACK BOXES SET OF 4 FRUITS, PLASTERS IN TIN CIRCUS PARADE",ROUND SNACK BOXES SET OF4 WOODLAND,1.0,6.9784
"PLASTERS IN TIN SPACEBOY, POSTAGE",ROUND SNACK BOXES SET OF4 WOODLAND,0.5385,3.7579
ALARM CLOCK BAKELIKE GREEN,"ALARM CLOCK BAKELIKE PINK, ALARM CLOCK BAKELIKE CHOCOLATE",0.3529,15.1459
"ALARM CLOCK BAKELIKE GREEN, ALARM CLOCK BAKELIKE CHOCOLATE",ALARM CLOCK BAKELIKE PINK,0.6667,13.334
LUNCH BAG RED RETROSPOT,"LUNCH BAG PINK POLKADOT, ROUND SNACK BOXES SET OF4 WOODLAND",0.3,15.0
"LUNCH BAG RED RETROSPOT, LUNCH BAG PINK POLKADOT",ROUND SNACK BOXES SET OF4 WOODLAND,0.6667,4.6525
DOLLY GIRL LUNCH BOX,"CIRCUS PARADE LUNCH BOX, SPACEBOY LUNCH BOX",0.3611,6.7749
"DOLLY GIRL LUNCH BOX, SPACEBOY LUNCH BOX",CIRCUS PARADE LUNCH BOX,0.5,7.4963
ROUND SNACK BOXES SET OF 4 FRUITS,"DOLLY GIRL LUNCH BOX, POSTAGE",0.3478,4.9686
"ROUND SNACK BOXES SET OF 4 FRUITS, POSTAGE",DOLLY GIRL LUNCH BOX,0.4706,3.9217
PLASTERS IN TIN CIRCUS PARADE,"POSTAGE, PLASTERS IN TIN SPACEBOY",0.3684,8.5081
"PLASTERS IN TIN CIRCUS PARADE, PLASTERS IN TIN SPACEBOY",POSTAGE,0.5385,1.3574
RED RETROSPOT PLATE,"RED RETROSPOT BOWL, BLUE POLKADOT PLATE",0.6667,33.335
"RED RETROSPOT PLATE, BLUE POLKADOT PLATE",RED RETROSPOT BOWL,0.8571,18.3533
CIRCUS PARADE LUNCH BOX,"DOLLY GIRL LUNCH BOX, POSTAGE",0.4,5.7143
ALARM CLOCK BAKELIKE GREEN,"ALARM CLOCK BAKELIKE RED, ALARM CLOCK BAKELIKE CHOCOLATE",0.5294,14.4251
"ALARM CLOCK BAKELIKE GREEN, ALARM CLOCK BAKELIKE RED",ALARM CLOCK BAKELIKE CHOCOLATE,0.6429,16.0725
MINI JIGSAW DOLLY GIRL,"MINI JIGSAW SPACEBOY, MINI JIGSAW CIRCUS PARADE",0.5455,20.4307
"MINI JIGSAW DOLLY GIRL, MINI JIGSAW SPACEBOY",MINI JIGSAW CIRCUS PARADE,0.75,25.0
PLASTERS IN TIN CIRCUS PARADE,"SPACEBOY LUNCH BOX, PLASTERS IN TIN SPACEBOY",0.3158,10.5267
"PLASTERS IN TIN CIRCUS PARADE, SPACEBOY LUNCH BOX",PLASTERS IN TIN SPACEBOY,0.75,9.7784
CIRCUS PARADE LUNCH BOX,"SPACEBOY LUNCH BOX, ROUND SNACK BOXES SET OF4 WOODLAND",0.35,7.4946
"CIRCUS PARADE LUNCH BOX, SPACEBOY LUNCH BOX",ROUND SNACK BOXES SET OF4 WOODLAND,0.4375,3.053
CHILDRENS CUTLERY SPACEBOY,"DOLLY GIRL LUNCH BOX, SPACEBOY LUNCH BOX",0.2857,3.2953
"DOLLY GIRL LUNCH BOX, PLASTERS IN TIN CIRCUS PARADE",POSTAGE,0.6667,1.6806
"REGENCY CAKESTAND 3 TIER, ROSES REGENCY TEACUP AND SAUCER",PINK REGENCY TEACUP AND SAUCER,0.5714,15.5695
SPACEBOY LUNCH BOX,"POSTAGE, ROUND SNACK BOXES SET OF4 WOODLAND",0.2727,3.1453
"SPACEBOY LUNCH BOX, POSTAGE",ROUND SNACK BOXES SET OF4 WOODLAND,0.5,3.4892
ROUND SNACK BOXES SET OF 4 FRUITS,"RED RETROSPOT MINI CASES, POSTAGE",0.2609,7.109
"ROUND SNACK BOXES SET OF 4 FRUITS, RED RETROSPOT MINI CASES",POSTAGE,1.0,2.5208
PLASTERS IN TIN WOODLAND ANIMALS,"PLASTERS IN TIN CIRCUS PARADE, ROUND SNACK BOXES SET OF4 WOODLAND",0.4,13.3333
"PLASTERS IN TIN WOODLAND ANIMALS, PLASTERS IN TIN CIRCUS PARADE",ROUND SNACK BOXES SET OF4 WOODLAND,0.75,5.2338
DOLLY GIRL LUNCH BOX,"PLASTERS IN TIN CIRCUS PARADE, SPACEBOY LUNCH BOX",0.2222,8.3221
"DOLLY GIRL LUNCH BOX, PLASTERS IN TIN CIRCUS PARADE",SPACEBOY LUNCH BOX,0.8889,8.0809
DOLLY GIRL LUNCH BOX,"SPACEBOY LUNCH BOX, POSTAGE",0.4722,7.87
"DOLLY GIRL LUNCH BOX, SPACEBOY LUNCH BOX",POSTAGE,0.6538,1.6481
CHILDRENS CUTLERY SPACEBOY,"CHILDRENS CUTLERY DOLLY GIRL, POSTAGE",0.2857,12.2618
"CHILDRENS CUTLERY SPACEBOY, CHILDRENS CUTLERY DOLLY GIRL",POSTAGE,0.4615,1.1633
CHILDRENS CUTLERY SPACEBOY,"CHILDRENS CUTLERY DOLLY GIRL, SPACEBOY LUNCH BOX",0.2857,14.285
PLASTERS IN TIN WOODLAND ANIMALS,"PLASTERS IN TIN SPACEBOY, ROUND SNACK BOXES SET OF4 WOODLAND",0.4,10.0
"PLASTERS IN TIN WOODLAND ANIMALS, PLASTERS IN TIN SPACEBOY",ROUND SNACK BOXES SET OF4 WOODLAND,0.6667,4.6525
"DOLLY GIRL LUNCH BOX, SPACEBOY LUNCH BOX",PLASTERS IN TIN STRONGMAN,0.2692,5.384
"DOLLY GIRL LUNCH BOX, PLASTERS IN TIN CIRCUS PARADE",PLASTERS IN TIN SPACEBOY,0.7778,10.1408
RED RETROSPOT PLATE,"BLUE POLKADOT BOWL, RED RETROSPOT BOWL",0.6667,20.021
ALARM CLOCK BAKELIKE PINK,"ALARM CLOCK BAKELIKE RED, ALARM CLOCK BAKELIKE CHOCOLATE",0.4,10.8992
"ALARM CLOCK BAKELIKE RED, ALARM CLOCK BAKELIKE PINK",ALARM CLOCK BAKELIKE CHOCOLATE,0.5455,13.6375
DOLLY GIRL LUNCH BOX,"SPACEBOY LUNCH BOX, PLASTERS IN TIN SPACEBOY",0.2222,7.4067
"DOLLY GIRL LUNCH BOX, SPACEBOY LUNCH BOX",PLASTERS IN TIN SPACEBOY,0.3077,4.0117
PLASTERS IN TIN CIRCUS PARADE,"PLASTERS IN TIN STRONGMAN, PLASTERS IN TIN SPACEBOY",0.4211,14.0367
"PLASTERS IN TIN CIRCUS PARADE, PLASTERS IN TIN SPACEBOY",PLASTERS IN TIN STRONGMAN,0.6154,12.308
"DOLLY GIRL LUNCH BOX, SPACEBOY LUNCH BOX",ROUND SNACK BOXES SET OF 4 FRUITS,0.2308,3.0091
ALARM CLOCK BAKELIKE GREEN,"ALARM CLOCK BAKELIKE RED, ALARM CLOCK BAKELIKE PINK",0.5294,14.4251
"ALARM CLOCK BAKELIKE GREEN, ALARM CLOCK BAKELIKE RED",ALARM CLOCK BAKELIKE PINK,0.6429,12.858
"REGENCY SUGAR BOWL GREEN, REGENCY TEA PLATE ROSES",REGENCY MILK JUG PINK,0.8571,28.57
REGENCY SUGAR BOWL GREEN,"REGENCY TEAPOT ROSES, REGENCY MILK JUG PINK",0.6,25.7511
"REGENCY SUGAR BOWL GREEN, REGENCY TEAPOT ROSES",REGENCY MILK JUG PINK,0.8571,28.57
ROUND SNACK BOXES SET OF 4 FRUITS,"POSTAGE, ROUND SNACK BOXES SET OF4 WOODLAND",0.6087,7.0208
"ROUND SNACK BOXES SET OF 4 FRUITS, POSTAGE",ROUND SNACK BOXES SET OF4 WOODLAND,0.8235,5.7467
DOLLY GIRL LUNCH BOX,"POSTAGE, ROUND SNACK BOXES SET OF4 WOODLAND",0.3333,3.8443
"DOLLY GIRL LUNCH BOX, POSTAGE",ROUND SNACK BOXES SET OF4 WOODLAND,0.5714,3.9874
PACK OF 20 SKULL PAPER NAPKINS,"PACK OF 6 SKULL PAPER PLATES, PACK OF 6 SKULL PAPER CUPS",0.8571,36.7854
"PACK OF 20 SKULL PAPER NAPKINS, PACK OF 6 SKULL PAPER PLATES",PACK OF 6 SKULL PAPER CUPS,1.0,42.9185
PINK REGENCY TEACUP AND SAUCER,"ROSES REGENCY TEACUP AND SAUCER, GREEN REGENCY TEACUP AND SAUCER",0.5455,20.4307
LUNCH BAG RED RETROSPOT,"ROUND SNACK BOXES SET OF 4 FRUITS, ROUND SNACK BOXES SET OF4 WOODLAND",0.3,5.0
"LUNCH BAG RED RETROSPOT, ROUND SNACK BOXES SET OF 4 FRUITS",ROUND SNACK BOXES SET OF4 WOODLAND,1.0,6.9784
ROUND SNACK BOXES SET OF 4 FRUITS,"PLASTERS IN TIN STRONGMAN, ROUND SNACK BOXES SET OF4 WOODLAND",0.2609,8.6967
"ROUND SNACK BOXES SET OF 4 FRUITS, PLASTERS IN TIN STRONGMAN",ROUND SNACK BOXES SET OF4 WOODLAND,1.0,6.9784
ROUND SNACK BOXES SET OF 4 FRUITS,"SPACEBOY LUNCH BOX, ROUND SNACK BOXES SET OF4 WOODLAND",0.3478,7.4475
"ROUND SNACK BOXES SET OF 4 FRUITS, SPACEBOY LUNCH BOX",ROUND SNACK BOXES SET OF4 WOODLAND,1.0,6.9784
LUNCH BAG SPACEBOY DESIGN,"LUNCH BAG RED RETROSPOT, ROUND SNACK BOXES SET OF4 WOODLAND",0.4286,14.2867
"LUNCH BAG SPACEBOY DESIGN, LUNCH BAG RED RETROSPOT",ROUND SNACK BOXES SET OF4 WOODLAND,0.75,5.2338
PLASTERS IN TIN STRONGMAN,"SPACEBOY LUNCH BOX, PLASTERS IN TIN SPACEBOY",0.4,13.3333
"SPACEBOY LUNCH BOX, PLASTERS IN TIN STRONGMAN",PLASTERS IN TIN SPACEBOY,0.75,9.7784
DOLLY GIRL LUNCH BOX,"SPACEBOY LUNCH BOX, ROUND SNACK BOXES SET OF4 WOODLAND",0.3333,7.137
"DOLLY GIRL LUNCH BOX, SPACEBOY LUNCH BOX",ROUND SNACK BOXES SET OF4 WOODLAND,0.4615,3.2205
REGENCY SUGAR BOWL GREEN,"REGENCY TEAPOT ROSES, REGENCY TEA PLATE ROSES",0.7,30.0429
"REGENCY SUGAR BOWL GREEN, REGENCY TEAPOT ROSES",REGENCY TEA PLATE ROSES,1.0,27.248
LUNCH BAG SPACEBOY DESIGN,"LUNCH BAG WOODLAND, LUNCH BAG RED RETROSPOT",0.4286,14.2867
"LUNCH BAG SPACEBOY DESIGN, LUNCH BAG RED RETROSPOT",LUNCH BAG WOODLAND,0.75,14.0713
CHILDRENS CUTLERY SPACEBOY,"CHILDRENS CUTLERY CIRCUS PARADE, CHILDRENS CUTLERY DOLLY GIRL",0.4286,14.2867
"CHILDRENS CUTLERY SPACEBOY, CHILDRENS CUTLERY DOLLY GIRL",CHILDRENS CUTLERY CIRCUS PARADE,0.6923,17.3075
LUNCH BAG WOODLAND,"POSTAGE, ROUND SNACK BOXES SET OF4 WOODLAND",0.375,4.3253
"LUNCH BAG WOODLAND, POSTAGE",ROUND SNACK BOXES SET OF4 WOODLAND,0.75,5.2338
"DOLLY GIRL LUNCH BOX, POSTAGE",PLASTERS IN TIN SPACEBOY,0.3333,4.3455
CIRCUS PARADE LUNCH BOX,"PLASTERS IN TIN CIRCUS PARADE, SPACEBOY LUNCH BOX",0.3,11.236
"CIRCUS PARADE LUNCH BOX, PLASTERS IN TIN CIRCUS PARADE",SPACEBOY LUNCH BOX,0.8571,7.7918
"SPACEBOY LUNCH BOX, POSTAGE",PLASTERS IN TIN SPACEBOY,0.3333,4.3455
"CIRCUS PARADE LUNCH BOX, PLASTERS IN TIN CIRCUS PARADE",DOLLY GIRL LUNCH BOX,0.8571,7.1425
PLASTERS IN TIN CIRCUS PARADE,"PLASTERS IN TIN SPACEBOY, ROUND SNACK BOXES SET OF4 WOODLAND",0.3684,9.21
"PLASTERS IN TIN CIRCUS PARADE, PLASTERS IN TIN SPACEBOY",ROUND SNACK BOXES SET OF4 WOODLAND,0.5385,3.7579
LUNCH BAG WOODLAND,"ROUND SNACK BOXES SET OF 4 FRUITS, ROUND SNACK BOXES SET OF4 WOODLAND",0.375,6.25
"LUNCH BAG WOODLAND, ROUND SNACK BOXES SET OF 4 FRUITS",ROUND SNACK BOXES SET OF4 WOODLAND,1.0,6.9784
CIRCUS PARADE LUNCH BOX,"SPACEBOY LUNCH BOX, POSTAGE",0.4,6.6667
"CIRCUS PARADE LUNCH BOX, SPACEBOY LUNCH BOX",POSTAGE,0.5,1.2604
PINK REGENCY TEACUP AND SAUCER,"REGENCY CAKESTAND 3 TIER, ROSES REGENCY TEACUP AND SAUCER, GREEN REGENCY TEACUP AND SAUCER",0.5455,23.412
"DOLLY GIRL LUNCH BOX, SPACEBOY LUNCH BOX","CIRCUS PARADE LUNCH BOX, ROUND SNACK BOXES SET OF4 WOODLAND",0.2308,9.9056
"DOLLY GIRL LUNCH BOX, SPACEBOY LUNCH BOX, ROUND SNACK BOXES SET OF4 WOODLAND",CIRCUS PARADE LUNCH BOX,0.5,7.4963
"DOLLY GIRL LUNCH BOX, SPACEBOY LUNCH BOX","CIRCUS PARADE LUNCH BOX, PLASTERS IN TIN CIRCUS PARADE",0.2308,9.9056
"DOLLY GIRL LUNCH BOX, SPACEBOY LUNCH BOX, CIRCUS PARADE LUNCH BOX",PLASTERS IN TIN CIRCUS PARADE,0.4615,7.2907
REGENCY SUGAR BOWL GREEN,"REGENCY TEAPOT ROSES, REGENCY TEA PLATE ROSES, REGENCY MILK JUG PINK",0.6,30.0
"REGENCY SUGAR BOWL GREEN, REGENCY MILK JUG PINK","REGENCY TEAPOT ROSES, REGENCY TEA PLATE ROSES",1.0,42.9185
"REGENCY SUGAR BOWL GREEN, REGENCY TEAPOT ROSES, REGENCY MILK JUG PINK",REGENCY TEA PLATE ROSES,1.0,27.248
"DOLLY GIRL LUNCH BOX, SPACEBOY LUNCH BOX","ROUND SNACK BOXES SET OF 4 FRUITS, POSTAGE",0.2308,4.0705
"DOLLY GIRL LUNCH BOX, SPACEBOY LUNCH BOX, ROUND SNACK BOXES SET OF 4 FRUITS",POSTAGE,1.0,2.5208
"DOLLY GIRL LUNCH BOX, SPACEBOY LUNCH BOX","PLASTERS IN TIN CIRCUS PARADE, PLASTERS IN TIN SPACEBOY",0.2308,5.3303
"DOLLY GIRL LUNCH BOX, PLASTERS IN TIN CIRCUS PARADE, SPACEBOY LUNCH BOX",PLASTERS IN TIN SPACEBOY,0.75,9.7784
"DOLLY GIRL LUNCH BOX, SPACEBOY LUNCH BOX","ROUND SNACK BOXES SET OF 4 FRUITS, ROUND SNACK BOXES SET OF4 WOODLAND",0.2308,3.8467
"DOLLY GIRL LUNCH BOX, SPACEBOY LUNCH BOX, ROUND SNACK BOXES SET OF4 WOODLAND",ROUND SNACK BOXES SET OF 4 FRUITS,0.5,6.5189
DOLLY GIRL LUNCH BOX,"CIRCUS PARADE LUNCH BOX, SPACEBOY LUNCH BOX, POSTAGE",0.2222,8.3221
"DOLLY GIRL LUNCH BOX, SPACEBOY LUNCH BOX","CIRCUS PARADE LUNCH BOX, POSTAGE",0.3077,10.2567
"DOLLY GIRL LUNCH BOX, SPACEBOY LUNCH BOX, CIRCUS PARADE LUNCH BOX",POSTAGE,0.6154,1.5513
"SPACEBOY LUNCH BOX, ROUND SNACK BOXES SET OF4 WOODLAND","ROUND SNACK BOXES SET OF 4 FRUITS, POSTAGE",0.4286,7.5591
"ROUND SNACK BOXES SET OF 4 FRUITS, SPACEBOY LUNCH BOX, ROUND SNACK BOXES SET OF4 WOODLAND",POSTAGE,0.75,1.8906
ALARM CLOCK BAKELIKE GREEN,"ALARM CLOCK BAKELIKE CHOCOLATE, ALARM CLOCK BAKELIKE RED, ALARM CLOCK BAKELIKE PINK",0.3529,17.645
"ALARM CLOCK BAKELIKE GREEN, ALARM CLOCK BAKELIKE PINK","ALARM CLOCK BAKELIKE RED, ALARM CLOCK BAKELIKE CHOCOLATE",0.6,16.3488
"ALARM CLOCK BAKELIKE GREEN, ALARM CLOCK BAKELIKE RED, ALARM CLOCK BAKELIKE PINK",ALARM CLOCK BAKELIKE CHOCOLATE,0.6667,16.6675
"DOLLY GIRL LUNCH BOX, ROUND SNACK BOXES SET OF4 WOODLAND","ROUND SNACK BOXES SET OF 4 FRUITS, POSTAGE",0.4667,8.231
"DOLLY GIRL LUNCH BOX, ROUND SNACK BOXES SET OF 4 FRUITS, ROUND SNACK BOXES SET OF4 WOODLAND",POSTAGE,1.0,2.5208
DOLLY GIRL LUNCH BOX,"SPACEBOY LUNCH BOX, POSTAGE, ROUND SNACK BOXES SET OF4 WOODLAND",0.25,8.3333
"DOLLY GIRL LUNCH BOX, SPACEBOY LUNCH BOX","POSTAGE, ROUND SNACK BOXES SET OF4 WOODLAND",0.3462,3.9931
"DOLLY GIRL LUNCH BOX, SPACEBOY LUNCH BOX, ROUND SNACK BOXES SET OF4 WOODLAND",POSTAGE,0.75,1.8906
"DOLLY GIRL LUNCH BOX, PLASTERS IN TIN SPACEBOY","SPACEBOY LUNCH BOX, POSTAGE",0.6,10.0
"DOLLY GIRL LUNCH BOX, SPACEBOY LUNCH BOX, PLASTERS IN TIN SPACEBOY",POSTAGE,0.75,1.8906
"DOLLY GIRL LUNCH BOX, ROUND SNACK BOXES SET OF4 WOODLAND","ROUND SNACK BOXES SET OF 4 FRUITS, SPACEBOY LUNCH BOX, POSTAGE",0.4,20.0
"DOLLY GIRL LUNCH BOX, POSTAGE, ROUND SNACK BOXES SET OF4 WOODLAND","ROUND SNACK BOXES SET OF 4 FRUITS, SPACEBOY LUNCH BOX",0.5,18.7266
"DOLLY GIRL LUNCH BOX, SPACEBOY LUNCH BOX, POSTAGE, ROUND SNACK BOXES SET OF4 WOODLAND",ROUND SNACK BOXES SET OF 4 FRUITS,0.6667,8.6923
CHILDRENS CUTLERY CIRCUS PARADE,CHILDRENS CUTLERY SPACEBOY,0.9167,13.0957
SET OF 12 MINI LOAF BAKING CASES,SET OF 6 TEA TIME BAKING CASES,0.6667,24.97
SET/6 RED SPOTTY PAPER PLATES,SET/20 RED RETROSPOT PAPER NAPKINS,1.0,17.6367
REGENCY CAKESTAND 3 TIER,PINK REGENCY TEACUP AND SAUCER,0.2143,5.8392
WOODLAND CHARLOTTE BAG,RED RETROSPOT CHARLOTTE BAG,0.375,11.2613
SPACEBOY MINI BACKPACK,DOLLY GIRL MINI BACKPACK,0.6667,24.97
PLASTERS IN TIN SPACEBOY,PLASTERS IN TIN WOODLAND ANIMALS,0.3913,7.826
RED RETROSPOT PLATE,BLUE POLKADOT BOWL,0.6667,20.021
PINK 3 PIECE POLKADOT CUTLERY SET,ROUND SNACK BOXES SET OF4 WOODLAND,0.375,2.6169
SPACEBOY LUNCH BOX,DOLLY GIRL LUNCH BOX,0.7879,6.5658
DINOSAUR LUNCH BOX WITH CUTLERY,ROUND SNACK BOXES SET OF4 WOODLAND,0.75,5.2338
BLUE POLKADOT PLATE,RED RETROSPOT PLATE,0.875,29.1667
LUNCH BAG RED RETROSPOT,ROUND SNACK BOXES SET OF4 WOODLAND,0.45,3.1403
PACK OF 20 SKULL PAPER NAPKINS,PACK OF 6 SKULL PAPER CUPS,0.8571,36.7854
RED RETROSPOT BOWL,BLUE POLKADOT CUP,0.4286,16.0524
PLASTERS IN TIN STRONGMAN,DOLLY GIRL LUNCH BOX,0.4667,3.8892
PACK OF 60 SPACEBOY CAKE CASES,PACK OF 60 MUSHROOM CAKE CASES,0.5294,10.588
PACK OF 60 PINK PAISLEY CAKE CASES,PACK OF 72 RETROSPOT CAKE CASES,0.6,9.4787
BLUE POLKADOT PLATE,PINK POLKADOT BOWL,0.75,22.5225
PLASTERS IN TIN SPACEBOY,PLASTERS IN TIN CIRCUS PARADE,0.5652,8.9289
ALARM CLOCK BAKELIKE PINK,ALARM CLOCK BAKELIKE RED,0.7333,10.994
PLASTERS IN TIN STRONGMAN,ROUND SNACK BOXES SET OF 4 FRUITS,0.4,5.2151
LUNCH BAG WOODLAND,ROUND SNACK BOXES SET OF 4 FRUITS,0.375,4.8892
SPACEBOY BEAKER,DOLLY GIRL BEAKER,0.875,32.7715
RED  HARMONICA IN BOX,BLUE HARMONICA IN BOX,0.5455,16.3814
PINK POLKADOT BOWL,BLUE POLKADOT BOWL,0.7,21.021
60 TEATIME FAIRY CAKE CASES,PACK OF 60 MUSHROOM CAKE CASES,0.5455,10.91
DINOSAUR LUNCH BOX WITH CUTLERY,STRAWBERRY LUNCH BOX WITH CUTLERY,0.75,18.75
LUNCH BOX I LOVE LONDON,SPACEBOY LUNCH BOX,0.5385,4.8955
SPACEBOY LUNCH BOX,PLASTERS IN TIN CIRCUS PARADE,0.2424,3.8294
ALARM CLOCK BAKELIKE CHOCOLATE,ALARM CLOCK BAKELIKE GREEN,0.75,13.2275
SET OF TEA COFFEE SUGAR TINS PANTRY,SET OF 3 REGENCY CAKE TINS,0.4615,6.5929
PLASTERS IN TIN STRONGMAN,SPACEBOY LUNCH BOX,0.5333,4.8482
ROUND SNACK BOXES SET OF4 WOODLAND,SPACEBOY LUNCH BOX,0.3256,2.96
REGENCY TEA PLATE ROSES,REGENCY MILK JUG PINK,0.5455,18.1833
PLASTERS IN TIN SPACEBOY,ROUND SNACK BOXES SET OF 4 FRUITS,0.3043,3.9674
PLASTERS IN TIN WOODLAND ANIMALS,PLASTERS IN TIN CIRCUS PARADE,0.5333,8.425
ALARM CLOCK BAKELIKE CHOCOLATE,ALARM CLOCK BAKELIKE RED,0.9167,13.7436
BAKING SET 9 PIECE RETROSPOT,RED RETROSPOT MINI CASES,0.35,6.5666
PLASTERS IN TIN SPACEBOY,DOLLY GIRL LUNCH BOX,0.4348,3.6233
PINK 3 PIECE POLKADOT CUTLERY SET,RED 3 PIECE RETROSPOT CUTLERY SET,0.4375,9.3683
SET OF 4 KNICK KNACK TINS DOILEY,TREASURE TIN GYMKHANA DESIGN,0.4615,15.3833
REGENCY CAKESTAND 3 TIER,ROSES REGENCY TEACUP AND SAUCER,0.3333,5.2654
SET OF 3 REGENCY CAKE TINS,SET OF 3 CAKE TINS PANTRY DESIGN,0.3333,4.0012
LUNCH BAG RED RETROSPOT,SPACEBOY LUNCH BOX,0.3,2.7273
MINI JIGSAW SPACEBOY,MINI JIGSAW CIRCUS PARADE,0.5714,19.0467
PACK OF 20 SKULL PAPER NAPKINS,PACK OF 6 SKULL PAPER PLATES,0.8571,36.7854
REGENCY TEA PLATE ROSES,ROSES REGENCY TEACUP AND SAUCER,0.5455,8.6177
BAKING SET 9 PIECE RETROSPOT,POSTAGE,0.45,1.1344
LUNCH BAG SPACEBOY DESIGN,LUNCH BAG WOODLAND,0.5714,10.7205
DOLLY GIRL LUNCH BOX,ROUND SNACK BOXES SET OF 4 FRUITS,0.2222,2.897
LUNCH BAG SPACEBOY DESIGN,LUNCH BAG SUKI  DESIGN,0.4286,16.0524
PLASTERS IN TIN WOODLAND ANIMALS,ROUND SNACK BOXES SET OF 4 FRUITS,0.4,5.2151
PARTY BUNTING,SET OF 3 CAKE TINS PANTRY DESIGN,0.375,4.5018
DOILEY STORAGE TIN,SET OF 4 KNICK KNACK TINS DOILEY,0.6154,14.2125
DOLLY GIRL CHILDRENS CUP,SPACE BOY CHILDRENS CUP,0.875,29.1667
MINI JIGSAW SPACEBOY,MINI JIGSAW DOLLY GIRL,0.5714,15.5695
PACK OF 6 SKULL PAPER CUPS,PACK OF 6 SKULL PAPER PLATES,1.0,42.9185
MINI JIGSAW SPACEBOY,PLASTERS IN TIN CIRCUS PARADE,0.4286,6.7709
MINI JIGSAW SPACEBOY,PLASTERS IN TIN SPACEBOY,0.4286,5.588
ASSORTED COLOUR MINI CASES,RED RETROSPOT MINI CASES,0.8571,16.0807
PACK OF 72 RETROSPOT CAKE CASES,SET/20 RED RETROSPOT PAPER NAPKINS,0.3684,6.4974
LUNCH BAG APPLE DESIGN,SPACEBOY LUNCH BOX,0.4286,3.8964
PACK OF 60 SPACEBOY CAKE CASES,POSTAGE,0.4118,1.0381
SPACEBOY LUNCH BOX,ROUND SNACK BOXES SET OF 4 FRUITS,0.2424,3.1604
MINI JIGSAW SPACEBOY,ROUND SNACK BOXES SET OF4 WOODLAND,0.4286,2.9909
PLASTERS IN TIN VINTAGE PAISLEY,PLASTERS IN TIN SPACEBOY,0.7778,10.1408
WOODLAND MINI BACKPACK,SPACEBOY MINI BACKPACK,1.0,33.3333
PLASTERS IN TIN STRONGMAN,PLASTERS IN TIN CIRCUS PARADE,0.6667,10.5324
PLASTERS IN TIN SPACEBOY,PLASTERS IN TIN STRONGMAN,0.3913,7.826
PLASTERS IN TIN CIRCUS PARADE,ROUND SNACK BOXES SET OF 4 FRUITS,0.3158,4.1173
WOODLAND CHARLOTTE BAG,CHARLOTTE BAG PINK POLKADOT,0.375,14.0449
SPACE BOY CHILDRENS CUP,SPACEBOY CHILDRENS BOWL,0.6667,28.6137
CHILDRENS CUTLERY CIRCUS PARADE,CHILDRENS CUTLERY DOLLY GIRL,0.75,15.0
SET OF TEA COFFEE SUGAR TINS PANTRY,TREASURE TIN GYMKHANA DESIGN,0.4615,15.3833
ROSES REGENCY TEACUP AND SAUCER,REGENCY MILK JUG PINK,0.3158,10.5267
POSTAGE,ROUND SNACK BOXES SET OF4 WOODLAND,0.2185,1.5248
CHILDRENS CUTLERY SPACEBOY,DOLLY GIRL LUNCH BOX,0.2857,2.3808
REGENCY TEAPOT ROSES,REGENCY TEA PLATE ROSES,0.6364,17.3406
RED RETROSPOT PLATE,RED RETROSPOT BOWL,0.7778,16.6552
ALARM CLOCK BAKELIKE GREEN,ALARM CLOCK BAKELIKE RED,0.8235,12.3463
ROUND SNACK BOXES SET OF4 WOODLAND,DOLLY GIRL LUNCH BOX,0.3488,2.9067
ALARM CLOCK BAKELIKE PINK,ALARM CLOCK BAKELIKE GREEN,0.6667,11.7584
LUNCH BAG SPACEBOY DESIGN,ROUND SNACK BOXES SET OF4 WOODLAND,0.5,3.4892
BLUE HAPPY BIRTHDAY BUNTING,PARTY BUNTING,0.5,9.3809
SPOTTY BUNTING,PARTY BUNTING,0.4,7.5047
CIRCUS PARADE LUNCH BOX,ROUND SNACK BOXES SET OF4 WOODLAND,0.35,2.4424
LUNCH BAG RED RETROSPOT,ROUND SNACK BOXES SET OF 4 FRUITS,0.3,3.9113
PINK 3 PIECE POLKADOT CUTLERY SET,CHILDRENS CUTLERY SPACEBOY,0.375,5.3571
BLUE POLKADOT PLATE,RED RETROSPOT BOWL,0.75,16.06
BAKING SET 9 PIECE RETROSPOT,BAKING SET SPACEBOY DESIGN,0.3,8.1744
LUNCH BAG RED RETROSPOT,LUNCH BAG PINK POLKADOT,0.45,15.0
DOLLY GIRL BABY GIFT SET,SPACEBOY BABY GIFT SET,0.6154,20.5133
CIRCUS PARADE LUNCH BOX,DOLLY GIRL LUNCH BOX,0.7,5.8333
PLASTERS IN TIN STRONGMAN,ROUND SNACK BOXES SET OF4 WOODLAND,0.6,4.187
PINK HAPPY BIRTHDAY BUNTING,PARTY BUNTING,0.5833,10.9437
RED RETROSPOT BOWL,BLUE POLKADOT BOWL,0.7143,21.4505
MEDIUM CERAMIC TOP STORAGE JAR,SMALL CERAMIC TOP STORAGE JAR,0.75,37.5
RED TOADSTOOL LED NIGHT LIGHT,RABBIT NIGHT LIGHT,0.3,5.0
CIRCUS PARADE LUNCH BOX,SPACEBOY LUNCH BOX,0.8,7.2727
LUNCH BOX I LOVE LONDON,DOLLY GIRL LUNCH BOX,0.4615,3.8458
DOLLY GIRL LUNCH BOX,PLASTERS IN TIN CIRCUS PARADE,0.25,3.9494
ALARM CLOCK BAKELIKE CHOCOLATE,ALARM CLOCK BAKELIKE PINK,0.5833,11.666
MINI JIGSAW CIRCUS PARADE,MINI JIGSAW DOLLY GIRL,0.6667,18.1662
CIRCUS PARADE LUNCH BOX,PLASTERS IN TIN CIRCUS PARADE,0.35,5.5292
LUNCH BAG WOODLAND,LUNCH BAG CARS BLUE,0.4375,14.5833
REGENCY TEAPOT ROSES,REGENCY SUGAR BOWL GREEN,0.6364,19.1111
ROUND STORAGE TIN VINTAGE LEAF,SET OF 4 KNICK KNACK TINS LEAVES,0.75,25.0
REGENCY TEAPOT ROSES,REGENCY MILK JUG PINK,0.6364,21.2133
PINK HAPPY BIRTHDAY BUNTING,BLUE HAPPY BIRTHDAY BUNTING,0.8333,20.8325
LUNCH BAG RED RETROSPOT,RED RETROSPOT PICNIC BAG,0.3,9.009
ROUND SNACK BOXES SET OF4 WOODLAND,PLASTERS IN TIN WOODLAND ANIMALS,0.2093,4.186
CHILDRENS CUTLERY SPACEBOY,CHILDRENS CUTLERY DOLLY GIRL,0.619,12.38
LUNCH BAG SPACEBOY DESIGN,LUNCH BAG DOLLY GIRL DESIGN,0.5,15.015
SET OF 12 FAIRY CAKE BAKING CASES,SET OF 12 MINI LOAF BAKING CASES,0.5,16.6667
GREEN REGENCY TEACUP AND SAUCER,ROSES REGENCY TEACUP AND SAUCER,0.7273,11.4897
PACK OF 60 MUSHROOM CAKE CASES,PACK OF 72 RETROSPOT CAKE CASES,0.5333,8.425
CHILDRENS CUTLERY SPACEBOY,SPACEBOY LUNCH BOX,0.3333,3.03
LUNCH BAG RED RETROSPOT,LUNCH BAG SPACEBOY DESIGN,0.4,8.5653
PINK POLKADOT BOWL,RED RETROSPOT BOWL,0.9,19.2719
REGENCY SUGAR BOWL GREEN,REGENCY MILK JUG PINK,0.6,20.0
PLASTERS IN TIN SPACEBOY,SPACEBOY LUNCH BOX,0.3913,3.5573
ROUND SNACK BOXES SET OF4 WOODLAND,ROUND SNACK BOXES SET OF 4 FRUITS,0.4186,5.4576
LUNCH BAG WOODLAND,ROUND SNACK BOXES SET OF4 WOODLAND,0.5625,3.9253
PINK 3 PIECE POLKADOT CUTLERY SET,BLUE 3 PIECE POLKADOT CUTLERY SET,0.375,11.2613
ROUND SNACK BOXES SET OF4 WOODLAND,PLASTERS IN TIN CIRCUS PARADE,0.2093,3.3065
PLASTERS IN TIN SPACEBOY,ROUND SNACK BOXES SET OF4 WOODLAND,0.5217,3.6406
PACK OF 60 SPACEBOY CAKE CASES,60 CAKE CASES DOLLY GIRL DESIGN,0.3529,10.5976
REGENCY SUGAR BOWL GREEN,REGENCY TEA PLATE ROSES,0.7,19.0736
SET OF 12 FAIRY CAKE BAKING CASES,SET OF 6 TEA TIME BAKING CASES,0.5833,21.8464
LUNCH BAG APPLE DESIGN,DOLLY GIRL LUNCH BOX,0.4286,3.5717
SET/6 RED SPOTTY PAPER CUPS,SET/20 RED RETROSPOT PAPER NAPKINS,0.8333,14.6966
CIRCUS PARADE LUNCH BOX,LUNCH BOX I LOVE LONDON,0.35,8.0831
PINK REGENCY TEACUP AND SAUCER,ROSES REGENCY TEACUP AND SAUCER,0.7273,11.4897
RED RETROSPOT MINI CASES,ROUND SNACK BOXES SET OF 4 FRUITS,0.375,4.8892
SET/6 RED SPOTTY PAPER CUPS,SET/6 RED SPOTTY PAPER PLATES,0.8333,20.8325
SET OF 6 SPICE TINS PANTRY DESIGN,SET OF 3 CAKE TINS PANTRY DESIGN,0.5833,7.0024
LUNCH BAG RED RETROSPOT,LUNCH BAG WOODLAND,0.45,8.4428
PACK OF 60 SPACEBOY CAKE CASES,PACK OF 72 RETROSPOT CAKE CASES,0.4706,7.4344
RED RETROSPOT CHARLOTTE BAG,JUMBO BAG RED RETROSPOT,0.6,10.582
RED RETROSPOT CHARLOTTE BAG,CHARLOTTE BAG PINK POLKADOT,0.6,22.4719
SET/10 RED POLKADOT PARTY CANDLES,PACK OF 72 RETROSPOT CAKE CASES,1.0,15.7978
PACK OF 60 SPACEBOY CAKE CASES,PACK OF 60 DINOSAUR CAKE CASES,0.3529,9.6158
ALARM CLOCK BAKELIKE PINK,ALARM CLOCK BAKELIKE ORANGE,0.4,14.9813
60 TEATIME FAIRY CAKE CASES,72 SWEETHEART FAIRY CAKE CASES,0.5455,18.1833
PINK REGENCY TEACUP AND SAUCER,GREEN REGENCY TEACUP AND SAUCER,0.6364,17.3406
CIRCUS PARADE LUNCH BOX,"ROUND SNACK BOXES SET OF4 WOODLAND, DOLLY GIRL LUNCH BOX",0.3,6.0
"CIRCUS PARADE LUNCH BOX, ROUND SNACK BOXES SET OF4 WOODLAND",DOLLY GIRL LUNCH BOX,0.8571,7.1425
"POSTAGE, ROUND SNACK BOXES SET OF4 WOODLAND",DOLLY GIRL LUNCH BOX,0.4615,3.8458
"ROUND SNACK BOXES SET OF4 WOODLAND, DOLLY GIRL LUNCH BOX",ROUND SNACK BOXES SET OF 4 FRUITS,0.4667,6.0847
LUNCH BAG RED RETROSPOT,"LUNCH BAG SPACEBOY DESIGN, LUNCH BAG WOODLAND",0.3,11.236
"LUNCH BAG RED RETROSPOT, LUNCH BAG SPACEBOY DESIGN",LUNCH BAG WOODLAND,0.75,14.0713
"POSTAGE, PLASTERS IN TIN SPACEBOY",PLASTERS IN TIN CIRCUS PARADE,0.5385,8.5071
PLASTERS IN TIN SPACEBOY,"SPACEBOY LUNCH BOX, DOLLY GIRL LUNCH BOX",0.3478,4.0115
"PLASTERS IN TIN SPACEBOY, SPACEBOY LUNCH BOX",DOLLY GIRL LUNCH BOX,0.8889,7.4075
ALARM CLOCK BAKELIKE CHOCOLATE,"ALARM CLOCK BAKELIKE PINK, ALARM CLOCK BAKELIKE GREEN",0.5,15.015
"ALARM CLOCK BAKELIKE CHOCOLATE, ALARM CLOCK BAKELIKE PINK",ALARM CLOCK BAKELIKE GREEN,0.8571,15.1164
"ROUND SNACK BOXES SET OF4 WOODLAND, PLASTERS IN TIN WOODLAND ANIMALS",PLASTERS IN TIN CIRCUS PARADE,0.6667,10.5324
LUNCH BAG RED RETROSPOT,"ROUND SNACK BOXES SET OF4 WOODLAND, LUNCH BAG SPACEBOY DESIGN",0.3,12.8755
"LUNCH BAG RED RETROSPOT, ROUND SNACK BOXES SET OF4 WOODLAND",LUNCH BAG SPACEBOY DESIGN,0.6667,14.2762
ALARM CLOCK BAKELIKE CHOCOLATE,"ALARM CLOCK BAKELIKE GREEN, ALARM CLOCK BAKELIKE RED",0.75,16.06
"ALARM CLOCK BAKELIKE CHOCOLATE, ALARM CLOCK BAKELIKE GREEN",ALARM CLOCK BAKELIKE RED,1.0,14.9925
LUNCH BAG WOODLAND,"ROUND SNACK BOXES SET OF4 WOODLAND, ROUND SNACK BOXES SET OF 4 FRUITS",0.375,6.25
"LUNCH BAG WOODLAND, ROUND SNACK BOXES SET OF4 WOODLAND",ROUND SNACK BOXES SET OF 4 FRUITS,0.6667,8.6923
"POSTAGE, PLASTERS IN TIN SPACEBOY",SPACEBOY LUNCH BOX,0.4615,4.1955
"POSTAGE, SPACEBOY LUNCH BOX",ROUND SNACK BOXES SET OF 4 FRUITS,0.3333,4.3455
"POSTAGE, CIRCUS PARADE LUNCH BOX",SPACEBOY LUNCH BOX,0.8889,8.0809
PLASTERS IN TIN SPACEBOY,"PLASTERS IN TIN STRONGMAN, PLASTERS IN TIN CIRCUS PARADE",0.3478,10.4444
"PLASTERS IN TIN SPACEBOY, PLASTERS IN TIN STRONGMAN",PLASTERS IN TIN CIRCUS PARADE,0.8889,14.0427
REGENCY TEAPOT ROSES,"REGENCY TEA PLATE ROSES, REGENCY MILK JUG PINK",0.5455,27.275
"REGENCY TEAPOT ROSES, REGENCY TEA PLATE ROSES",REGENCY MILK JUG PINK,0.8571,28.57
CIRCUS PARADE LUNCH BOX,"SPACEBOY LUNCH BOX, DOLLY GIRL LUNCH BOX",0.65,7.4971
"CIRCUS PARADE LUNCH BOX, SPACEBOY LUNCH BOX",DOLLY GIRL LUNCH BOX,0.8125,6.7708
"SPACEBOY LUNCH BOX, DOLLY GIRL LUNCH BOX",ROUND SNACK BOXES SET OF 4 FRUITS,0.2308,3.0091
RED RETROSPOT PLATE,"RED RETROSPOT BOWL, BLUE POLKADOT BOWL",0.6667,20.021
"RED RETROSPOT PLATE, BLUE POLKADOT BOWL",RED RETROSPOT BOWL,1.0,21.4133
"REGENCY CAKESTAND 3 TIER, PINK REGENCY TEACUP AND SAUCER",ROSES REGENCY TEACUP AND SAUCER,0.8889,14.0427
"POSTAGE, ROUND SNACK BOXES SET OF4 WOODLAND",LUNCH BAG WOODLAND,0.2308,4.3302
CIRCUS PARADE LUNCH BOX,"SPACEBOY LUNCH BOX, PLASTERS IN TIN CIRCUS PARADE",0.3,11.236
"CIRCUS PARADE LUNCH BOX, SPACEBOY LUNCH BOX",PLASTERS IN TIN CIRCUS PARADE,0.375,5.9242
REGENCY TEAPOT ROSES,"REGENCY SUGAR BOWL GREEN, REGENCY TEA PLATE ROSES",0.6364,27.3133
"REGENCY TEAPOT ROSES, REGENCY TEA PLATE ROSES",REGENCY SUGAR BOWL GREEN,1.0,30.03
MINI JIGSAW SPACEBOY,"MINI JIGSAW CIRCUS PARADE, MINI JIGSAW DOLLY GIRL",0.4286,21.43
"MINI JIGSAW SPACEBOY, MINI JIGSAW CIRCUS PARADE",MINI JIGSAW DOLLY GIRL,0.75,20.436
"POSTAGE, RED RETROSPOT MINI CASES",ROUND SNACK BOXES SET OF 4 FRUITS,0.5455,7.1121
CHILDRENS CUTLERY CIRCUS PARADE,"CHILDRENS CUTLERY SPACEBOY, CHILDRENS CUTLERY DOLLY GIRL",0.75,17.321
"CHILDRENS CUTLERY CIRCUS PARADE, CHILDRENS CUTLERY SPACEBOY",CHILDRENS CUTLERY DOLLY GIRL,0.8182,16.364
LUNCH BAG RED RETROSPOT,"ROUND SNACK BOXES SET OF4 WOODLAND, ROUND SNACK BOXES SET OF 4 FRUITS",0.3,5.0
"LUNCH BAG RED RETROSPOT, ROUND SNACK BOXES SET OF4 WOODLAND",ROUND SNACK BOXES SET OF 4 FRUITS,0.6667,8.6923
"POSTAGE, SPACEBOY LUNCH BOX",DOLLY GIRL LUNCH BOX,0.9444,7.87
CIRCUS PARADE LUNCH BOX,"ROUND SNACK BOXES SET OF4 WOODLAND, SPACEBOY LUNCH BOX",0.35,7.4946
"CIRCUS PARADE LUNCH BOX, ROUND SNACK BOXES SET OF4 WOODLAND",SPACEBOY LUNCH BOX,1.0,9.0909
"ROUND SNACK BOXES SET OF4 WOODLAND, SPACEBOY LUNCH BOX",ROUND SNACK BOXES SET OF 4 FRUITS,0.5714,7.4498
ALARM CLOCK BAKELIKE CHOCOLATE,"ALARM CLOCK BAKELIKE PINK, ALARM CLOCK BAKELIKE RED",0.5,13.624
"ALARM CLOCK BAKELIKE CHOCOLATE, ALARM CLOCK BAKELIKE PINK",ALARM CLOCK BAKELIKE RED,0.8571,12.8501
SET/6 RED SPOTTY PAPER PLATES,"SET/6 RED SPOTTY PAPER CUPS, SET/20 RED RETROSPOT PAPER NAPKINS",0.8333,25.024
"SET/6 RED SPOTTY PAPER PLATES, SET/6 RED SPOTTY PAPER CUPS",SET/20 RED RETROSPOT PAPER NAPKINS,1.0,17.6367
"REGENCY CAKESTAND 3 TIER, GREEN REGENCY TEACUP AND SAUCER",ROSES REGENCY TEACUP AND SAUCER,0.875,13.8231
REGENCY SUGAR BOWL GREEN,"REGENCY TEA PLATE ROSES, REGENCY MILK JUG PINK",0.6,30.0
"REGENCY TEA PLATE ROSES, REGENCY SUGAR BOWL GREEN",REGENCY MILK JUG PINK,0.8571,28.57
PINK POLKADOT BOWL,"RED RETROSPOT BOWL, BLUE POLKADOT BOWL",0.7,21.021
"PINK POLKADOT BOWL, RED RETROSPOT BOWL",BLUE POLKADOT BOWL,0.7778,23.3574
BLUE POLKADOT PLATE,"RED RETROSPOT PLATE, RED RETROSPOT BOWL",0.75,32.1888
"BLUE POLKADOT PLATE, RED RETROSPOT PLATE",RED RETROSPOT BOWL,0.8571,18.3533
PLASTERS IN TIN SPACEBOY,"ROUND SNACK BOXES SET OF4 WOODLAND, ROUND SNACK BOXES SET OF 4 FRUITS",0.3043,5.0717
"PLASTERS IN TIN SPACEBOY, ROUND SNACK BOXES SET OF4 WOODLAND",ROUND SNACK BOXES SET OF 4 FRUITS,0.5833,7.605
"POSTAGE, PLASTERS IN TIN SPACEBOY",ROUND SNACK BOXES SET OF4 WOODLAND,0.5385,3.7579
"POSTAGE, DOLLY GIRL LUNCH BOX",PLASTERS IN TIN CIRCUS PARADE,0.2857,4.5134
CIRCUS PARADE LUNCH BOX,"DOLLY GIRL LUNCH BOX, PLASTERS IN TIN CIRCUS PARADE",0.3,10.0
"CIRCUS PARADE LUNCH BOX, DOLLY GIRL LUNCH BOX",PLASTERS IN TIN CIRCUS PARADE,0.4286,6.7709
CHILDRENS CUTLERY SPACEBOY,"SPACEBOY LUNCH BOX, DOLLY GIRL LUNCH BOX",0.2857,3.2953
"CHILDRENS CUTLERY SPACEBOY, SPACEBOY LUNCH BOX",DOLLY GIRL LUNCH BOX,0.8571,7.1425
SPACEBOY LUNCH BOX,"DOLLY GIRL LUNCH BOX, PLASTERS IN TIN CIRCUS PARADE",0.2424,8.08
"SPACEBOY LUNCH BOX, DOLLY GIRL LUNCH BOX",PLASTERS IN TIN CIRCUS PARADE,0.3077,4.861
PLASTERS IN TIN SPACEBOY,"ROUND SNACK BOXES SET OF4 WOODLAND, PLASTERS IN TIN CIRCUS PARADE",0.3043,10.1433
"PLASTERS IN TIN SPACEBOY, ROUND SNACK BOXES SET OF4 WOODLAND",PLASTERS IN TIN CIRCUS PARADE,0.5833,9.2148
"POSTAGE, DOLLY GIRL LUNCH BOX",ROUND SNACK BOXES SET OF 4 FRUITS,0.381,4.9674
REGENCY TEAPOT ROSES,"REGENCY SUGAR BOWL GREEN, REGENCY MILK JUG PINK",0.5455,27.275
"REGENCY TEAPOT ROSES, REGENCY SUGAR BOWL GREEN",REGENCY MILK JUG PINK,0.8571,28.57
ALARM CLOCK BAKELIKE PINK,"ALARM CLOCK BAKELIKE GREEN, ALARM CLOCK BAKELIKE RED",0.6,12.848
"ALARM CLOCK BAKELIKE PINK, ALARM CLOCK BAKELIKE GREEN",ALARM CLOCK BAKELIKE RED,0.9,13.4933
CIRCUS PARADE LUNCH BOX,"POSTAGE, DOLLY GIRL LUNCH BOX",0.4,5.7143
"CIRCUS PARADE LUNCH BOX, POSTAGE",DOLLY GIRL LUNCH BOX,0.8889,7.4075
PLASTERS IN TIN STRONGMAN,"SPACEBOY LUNCH BOX, DOLLY GIRL LUNCH BOX",0.4667,5.3829
"PLASTERS IN TIN STRONGMAN, SPACEBOY LUNCH BOX",DOLLY GIRL LUNCH BOX,0.875,7.2917
PLASTERS IN TIN SPACEBOY,"PLASTERS IN TIN WOODLAND ANIMALS, PLASTERS IN TIN CIRCUS PARADE",0.2609,9.7715
"PLASTERS IN TIN SPACEBOY, PLASTERS IN TIN WOODLAND ANIMALS",PLASTERS IN TIN CIRCUS PARADE,0.6667,10.5324
LUNCH BOX I LOVE LONDON,"CIRCUS PARADE LUNCH BOX, SPACEBOY LUNCH BOX",0.4615,8.6585
"LUNCH BOX I LOVE LONDON, CIRCUS PARADE LUNCH BOX",SPACEBOY LUNCH BOX,0.8571,7.7918
ROUND SNACK BOXES SET OF4 WOODLAND,"SPACEBOY LUNCH BOX, DOLLY GIRL LUNCH BOX",0.2791,3.2191
"ROUND SNACK BOXES SET OF4 WOODLAND, SPACEBOY LUNCH BOX",DOLLY GIRL LUNCH BOX,0.8571,7.1425
LUNCH BAG RED RETROSPOT,"ROUND SNACK BOXES SET OF4 WOODLAND, LUNCH BAG PINK POLKADOT",0.3,15.0
"LUNCH BAG RED RETROSPOT, ROUND SNACK BOXES SET OF4 WOODLAND",LUNCH BAG PINK POLKADOT,0.6667,22.2233
"ROUND SNACK BOXES SET OF4 WOODLAND, PLASTERS IN TIN CIRCUS PARADE",ROUND SNACK BOXES SET OF 4 FRUITS,0.6667,8.6923
"POSTAGE, PLASTERS IN TIN SPACEBOY",DOLLY GIRL LUNCH BOX,0.5385,4.4875
PLASTERS IN TIN SPACEBOY,"ROUND SNACK BOXES SET OF4 WOODLAND, PLASTERS IN TIN WOODLAND ANIMALS",0.2609,8.6967
"PLASTERS IN TIN SPACEBOY, PLASTERS IN TIN WOODLAND ANIMALS",ROUND SNACK BOXES SET OF4 WOODLAND,0.6667,4.6525
"POSTAGE, ROUND SNACK BOXES SET OF4 WOODLAND",SPACEBOY LUNCH BOX,0.3462,3.1473
CHILDRENS CUTLERY SPACEBOY,"SPACEBOY LUNCH BOX, CHILDRENS CUTLERY DOLLY GIRL",0.2857,14.285
"CHILDRENS CUTLERY SPACEBOY, SPACEBOY LUNCH BOX",CHILDRENS CUTLERY DOLLY GIRL,0.8571,17.142
"POSTAGE, CHILDRENS CUTLERY SPACEBOY",CHILDRENS CUTLERY DOLLY GIRL,0.6667,13.334
"POSTAGE, ROUND SNACK BOXES SET OF4 WOODLAND",ROUND SNACK BOXES SET OF 4 FRUITS,0.5385,7.0209
PACK OF 20 SKULL PAPER NAPKINS,"PACK OF 6 SKULL PAPER CUPS, PACK OF 6 SKULL PAPER PLATES",0.8571,36.7854
"PACK OF 20 SKULL PAPER NAPKINS, PACK OF 6 SKULL PAPER CUPS",PACK OF 6 SKULL PAPER PLATES,1.0,42.9185
PLASTERS IN TIN SPACEBOY,"SPACEBOY LUNCH BOX, PLASTERS IN TIN CIRCUS PARADE",0.2609,9.7715
"PLASTERS IN TIN SPACEBOY, SPACEBOY LUNCH BOX",PLASTERS IN TIN CIRCUS PARADE,0.6667,10.5324
PLASTERS IN TIN STRONGMAN,"ROUND SNACK BOXES SET OF4 WOODLAND, ROUND SNACK BOXES SET OF 4 FRUITS",0.4,6.6667
"PLASTERS IN TIN STRONGMAN, ROUND SNACK BOXES SET OF4 WOODLAND",ROUND SNACK BOXES SET OF 4 FRUITS,0.6667,8.6923
"POSTAGE, ROUND SNACK BOXES SET OF4 WOODLAND",PLASTERS IN TIN STRONGMAN,0.2308,4.616
PINK REGENCY TEACUP AND SAUCER,"GREEN REGENCY TEACUP AND SAUCER, ROSES REGENCY TEACUP AND SAUCER",0.5455,20.4307
"PINK REGENCY TEACUP AND SAUCER, GREEN REGENCY TEACUP AND SAUCER",ROSES REGENCY TEACUP AND SAUCER,0.8571,13.5403
PLASTERS IN TIN SPACEBOY,"DOLLY GIRL LUNCH BOX, PLASTERS IN TIN CIRCUS PARADE",0.3043,10.1433
"PLASTERS IN TIN SPACEBOY, DOLLY GIRL LUNCH BOX",PLASTERS IN TIN CIRCUS PARADE,0.7,11.0585
PLASTERS IN TIN SPACEBOY,"PLASTERS IN TIN STRONGMAN, SPACEBOY LUNCH BOX",0.2609,9.7715
"PLASTERS IN TIN SPACEBOY, PLASTERS IN TIN STRONGMAN",SPACEBOY LUNCH BOX,0.6667,6.0609
"REGENCY CAKESTAND 3 TIER, PINK REGENCY TEACUP AND SAUCER",GREEN REGENCY TEACUP AND SAUCER,0.7778,21.1935
SPACEBOY LUNCH BOX,"POSTAGE, CIRCUS PARADE LUNCH BOX, DOLLY GIRL LUNCH BOX",0.2424,9.0787
"POSTAGE, SPACEBOY LUNCH BOX","CIRCUS PARADE LUNCH BOX, DOLLY GIRL LUNCH BOX",0.4444,9.5161
"POSTAGE, CIRCUS PARADE LUNCH BOX, SPACEBOY LUNCH BOX",DOLLY GIRL LUNCH BOX,1.0,8.3333
"SPACEBOY LUNCH BOX, ROUND SNACK BOXES SET OF 4 FRUITS","POSTAGE, DOLLY GIRL LUNCH BOX",0.75,10.7143
"POSTAGE, SPACEBOY LUNCH BOX, ROUND SNACK BOXES SET OF 4 FRUITS",DOLLY GIRL LUNCH BOX,1.0,8.3333
REGENCY TEAPOT ROSES,"REGENCY TEA PLATE ROSES, REGENCY SUGAR BOWL GREEN, REGENCY MILK JUG PINK",0.5455,27.275
"REGENCY TEAPOT ROSES, REGENCY SUGAR BOWL GREEN","REGENCY TEA PLATE ROSES, REGENCY MILK JUG PINK",0.8571,42.855
"REGENCY TEAPOT ROSES, REGENCY TEA PLATE ROSES, REGENCY SUGAR BOWL GREEN",REGENCY MILK JUG PINK,0.8571,28.57
ROUND SNACK BOXES SET OF 4 FRUITS,"POSTAGE, ROUND SNACK BOXES SET OF4 WOODLAND, DOLLY GIRL LUNCH BOX",0.3043,7.6075
"POSTAGE, ROUND SNACK BOXES SET OF 4 FRUITS","ROUND SNACK BOXES SET OF4 WOODLAND, DOLLY GIRL LUNCH BOX",0.4118,8.236
"POSTAGE, ROUND SNACK BOXES SET OF4 WOODLAND, ROUND SNACK BOXES SET OF 4 FRUITS",DOLLY GIRL LUNCH BOX,0.5,4.1667
PLASTERS IN TIN SPACEBOY,"POSTAGE, SPACEBOY LUNCH BOX, DOLLY GIRL LUNCH BOX",0.2609,4.6014
"PLASTERS IN TIN SPACEBOY, SPACEBOY LUNCH BOX","POSTAGE, DOLLY GIRL LUNCH BOX",0.6667,9.5243
"POSTAGE, PLASTERS IN TIN SPACEBOY, SPACEBOY LUNCH BOX",DOLLY GIRL LUNCH BOX,1.0,8.3333
SPACEBOY LUNCH BOX,"POSTAGE, ROUND SNACK BOXES SET OF4 WOODLAND, DOLLY GIRL LUNCH BOX",0.2727,6.8175
"POSTAGE, SPACEBOY LUNCH BOX","ROUND SNACK BOXES SET OF4 WOODLAND, DOLLY GIRL LUNCH BOX",0.5,10.0
"POSTAGE, ROUND SNACK BOXES SET OF4 WOODLAND, SPACEBOY LUNCH BOX",DOLLY GIRL LUNCH BOX,1.0,8.3333
"SPACEBOY LUNCH BOX, PLASTERS IN TIN CIRCUS PARADE","CIRCUS PARADE LUNCH BOX, DOLLY GIRL LUNCH BOX",0.75,16.06
"CIRCUS PARADE LUNCH BOX, SPACEBOY LUNCH BOX, PLASTERS IN TIN CIRCUS PARADE",DOLLY GIRL LUNCH BOX,1.0,8.3333
"SPACEBOY LUNCH BOX, ROUND SNACK BOXES SET OF 4 FRUITS","ROUND SNACK BOXES SET OF4 WOODLAND, DOLLY GIRL LUNCH BOX",0.75,15.0
"ROUND SNACK BOXES SET OF4 WOODLAND, SPACEBOY LUNCH BOX, ROUND SNACK BOXES SET OF 4 FRUITS",DOLLY GIRL LUNCH BOX,0.75,6.25
PLASTERS IN TIN SPACEBOY,"SPACEBOY LUNCH BOX, DOLLY GIRL LUNCH BOX, PLASTERS IN TIN CIRCUS PARADE",0.2609,9.7715
"PLASTERS IN TIN SPACEBOY, SPACEBOY LUNCH BOX","DOLLY GIRL LUNCH BOX, PLASTERS IN TIN CIRCUS PARADE",0.6667,22.2233
"PLASTERS IN TIN SPACEBOY, SPACEBOY LUNCH BOX, PLASTERS IN TIN CIRCUS PARADE",DOLLY GIRL LUNCH BOX,1.0,8.3333
PINK REGENCY TEACUP AND SAUCER,"REGENCY CAKESTAND 3 TIER, GREEN REGENCY TEACUP AND SAUCER, ROSES REGENCY TEACUP AND SAUCER",0.5455,23.412
"PINK REGENCY TEACUP AND SAUCER, GREEN REGENCY TEACUP AND SAUCER","REGENCY CAKESTAND 3 TIER, ROSES REGENCY TEACUP AND SAUCER",0.8571,18.3533
"REGENCY CAKESTAND 3 TIER, PINK REGENCY TEACUP AND SAUCER, GREEN REGENCY TEACUP AND SAUCER",ROSES REGENCY TEACUP AND SAUCER,0.8571,13.5403
"CIRCUS PARADE LUNCH BOX, SPACEBOY LUNCH BOX","ROUND SNACK BOXES SET OF4 WOODLAND, DOLLY GIRL LUNCH BOX",0.375,7.5
"CIRCUS PARADE LUNCH BOX, ROUND SNACK BOXES SET OF4 WOODLAND, SPACEBOY LUNCH BOX",DOLLY GIRL LUNCH BOX,0.8571,7.1425
ALARM CLOCK BAKELIKE CHOCOLATE,"ALARM CLOCK BAKELIKE PINK, ALARM CLOCK BAKELIKE GREEN, ALARM CLOCK BAKELIKE RED",0.5,16.6667
"ALARM CLOCK BAKELIKE CHOCOLATE, ALARM CLOCK BAKELIKE PINK","ALARM CLOCK BAKELIKE GREEN, ALARM CLOCK BAKELIKE RED",0.8571,18.3533
"ALARM CLOCK BAKELIKE CHOCOLATE, ALARM CLOCK BAKELIKE PINK, ALARM CLOCK BAKELIKE GREEN",ALARM CLOCK BAKELIKE RED,1.0,14.9925
"SPACEBOY LUNCH BOX, ROUND SNACK BOXES SET OF 4 FRUITS","POSTAGE, ROUND SNACK BOXES SET OF4 WOODLAND",0.75,8.6505
"POSTAGE, SPACEBOY LUNCH BOX, ROUND SNACK BOXES SET OF 4 FRUITS",ROUND SNACK BOXES SET OF4 WOODLAND,1.0,6.9784
ROUND SNACK BOXES SET OF 4 FRUITS,"POSTAGE, ROUND SNACK BOXES SET OF4 WOODLAND, SPACEBOY LUNCH BOX, DOLLY GIRL LUNCH BOX",0.2609,8.6967
"DOLLY GIRL LUNCH BOX, ROUND SNACK BOXES SET OF 4 FRUITS","POSTAGE, ROUND SNACK BOXES SET OF4 WOODLAND, SPACEBOY LUNCH BOX",0.75,25.0
"SPACEBOY LUNCH BOX, DOLLY GIRL LUNCH BOX, ROUND SNACK BOXES SET OF 4 FRUITS","POSTAGE, ROUND SNACK BOXES SET OF4 WOODLAND",1.0,11.534
"POSTAGE, SPACEBOY LUNCH BOX, DOLLY GIRL LUNCH BOX, ROUND SNACK BOXES SET OF 4 FRUITS",ROUND SNACK BOXES SET OF4 WOODLAND,1.0,6.9784
